spin_id,number
1,17
2,14
3,19
4,25
5,27
6,27
7,12
8,18
9,12
10,26
11,15
12,21
13,28
14,15
15,2
16,2
17,12
18,36
19,34
20,2
21,8
22,16
23,18
24,33
25,26
26,19
27,10
28,24
29,14
30,0
31,25
32,23
33,15
34,26
35,1
36,18
37,5
38,33
39,13
40,13
41,4
42,25
43,22
44,8
45,29
46,6
47,31
48,28
49,29
50,25
51,36
52,6
53,18
54,18
55,8
56,34
57,15
58,34
59,21
60,15
61,22
62,23
63,3
64,34
65,11
66,28
67,33
68,6
69,36
70,22
71,36
72,10
73,10
74,23
75,10
76,3
77,17
78,12
79,25
80,15
81,27
82,34
83,1
84,2
85,25
86,12
87,29
88,24
89,12
90,36
91,15
92,29
93,19
94,13
95,8
96,14
97,4
98,17
99,19
100,0
101,2
102,14
103,24
104,13
105,14
106,13
107,26
108,6
109,14
110,34
111,16
112,16
113,12
114,13
115,19
116,30
117,33
118,25
119,26
120,10
121,10
122,16
123,24
124,30
125,24
126,11
127,26
128,35
129,24
130,32
131,13
132,13
133,20
134,5
135,4
136,33
137,0
138,32
139,0
140,17
141,35
142,15
143,33
144,0
145,32
146,27
147,2
148,30
149,32
150,7
151,8
152,0
153,0
154,31
155,36
156,8
157,14
158,16
159,14
160,21
161,22
162,18
163,24
164,11
165,6
166,30
167,22
168,24
169,25
170,34
171,25
172,8
173,6
174,4
175,1
176,31
177,13
178,19
179,11
180,6
181,11
182,17
183,32
184,4
185,7
186,24
187,24
188,25
189,14
190,9
191,35
192,6
193,0
194,3
195,28
196,24
197,26
198,19
199,24
200,33
201,25
202,25
203,24
204,36
205,5
206,25
207,8
208,6
209,5
210,33
211,10
212,10
213,34
214,0
215,20
216,12
217,33
218,34
219,8
220,23
221,30
222,4
223,7
224,11
225,0
226,22
227,0
228,17
229,11
230,7
231,31
232,33
233,23
234,1
235,28
236,12
237,9
238,10
239,17
240,21
241,36
242,1
243,2
244,1
245,29
246,18
247,36
248,4
249,28
250,17
251,20
252,35
253,35
254,24
255,11
256,25
257,9
258,30
259,27
260,11
261,21
262,4
263,36
264,16
265,36
266,32
267,27
268,15
269,19
270,34
271,16
272,36
273,15
274,24
275,12
276,12
277,28
278,17
279,29
280,21
281,27
282,4
283,18
284,15
285,5
286,21
287,35
288,17
289,23
290,3
291,5
292,28
293,3
294,21
295,20
296,22
297,7
298,0
299,35
300,20
301,34
302,27
303,6
304,36
305,3
306,17
307,25
308,24
309,14
310,35
311,18
312,29
313,27
314,29
315,20
316,10
317,9
318,26
319,22
320,7
321,7
322,1
323,34
324,28
325,22
326,19
327,0
328,17
329,23
330,12
331,22
332,2
333,1
334,19
335,32
336,11
337,23
338,31
339,19
340,33
341,1
342,5
343,0
344,9
345,19
346,29
347,14
348,0
349,23
350,12
351,32
352,33
353,15
354,28
355,25
356,10
357,33
358,13
359,27
360,4
361,35
362,9
363,27
364,4
365,23
366,29
367,29
368,2
369,14
370,15
371,8
372,20
373,19
374,5
375,25
376,2
377,22
378,32
379,22
380,6
381,9
382,28
383,26
384,36
385,3
386,22
387,12
388,26
389,35
390,29
391,36
392,26
393,28
394,23
395,19
396,3
397,20
398,25
399,25
400,25
401,30
402,14
403,17
404,3
405,0
406,1
407,20
408,16
409,9
410,7
411,23
412,6
413,11
414,28
415,9
416,15
417,12
418,25
419,27
420,29
421,1
422,24
423,19
424,29
425,8
426,11
427,20
428,32
429,8
430,16
431,33
432,1
433,8
434,4
435,25
436,33
437,4
438,9
439,1
440,3
441,32
442,20
443,2
444,16
445,7
446,20
447,29
448,11
449,23
450,24
451,13
452,8
453,34
454,24
455,7
456,1
457,23
458,20
459,2
460,7
461,11
462,2
463,13
464,17
465,30
466,27
467,30
468,35
469,18
470,1
471,7
472,4
473,9
474,27
475,22
476,14
477,12
478,25
479,2
480,9
481,26
482,35
483,7
484,35
485,32
486,10
487,34
488,13
489,14
490,2
491,18
492,21
493,34
494,15
495,11
496,29
497,19
498,13
499,7
500,34
501,27
502,28
503,35
504,21
505,15
506,21
507,3
508,34
509,0
510,29
511,17
512,4
513,20
514,25
515,29
516,35
517,27
518,28
519,22
520,14
521,10
522,21
523,5
524,31
525,13
526,26
527,11
528,14
529,8
530,5
531,27
532,31
533,31
534,12
535,33
536,30
537,30
538,31
539,23
540,33
541,25
542,33
543,10
544,23
545,12
546,11
547,16
548,0
549,22
550,29
551,35
552,5
553,16
554,1
555,36
556,6
557,25
558,5
559,9
560,32
561,15
562,23
563,21
564,5
565,24
566,6
567,24
568,6
569,1
570,33
571,21
572,19
573,11
574,4
575,36
576,2
577,29
578,13
579,25
580,3
581,35
582,7
583,6
584,8
585,14
586,14
587,21
588,30
589,6
590,22
591,6
592,14
593,0
594,0
595,24
596,33
597,14
598,34
599,2
600,35
601,2
602,1
603,24
604,12
605,23
606,29
607,26
608,30
609,0
610,12
611,24
612,26
613,32
614,17
615,35
616,30
617,8
618,19
619,12
620,10
621,16
622,8
623,1
624,23
625,0
626,21
627,34
628,10
629,27
630,36
631,6
632,30
633,9
634,22
635,20
636,10
637,32
638,0
639,9
640,11
641,12
642,12
643,1
644,6
645,23
646,21
647,5
648,0
649,19
650,16
651,33
652,17
653,28
654,13
655,6
656,22
657,20
658,28
659,9
660,17
661,23
662,25
663,13
664,6
665,12
666,3
667,18
668,0
669,8
670,9
671,22
672,35
673,18
674,13
675,14
676,2
677,34
678,7
679,14
680,21
681,18
682,31
683,0
684,3
685,25
686,36
687,22
688,19
689,25
690,5
691,32
692,9
693,5
694,10
695,22
696,36
697,11
698,30
699,33
700,31
701,21
702,34
703,24
704,5
705,21
706,4
707,11
708,9
709,32
710,14
711,32
712,2
713,24
714,17
715,19
716,27
717,24
718,27
719,5
720,27
721,13
722,22
723,15
724,32
725,6
726,25
727,35
728,20
729,28
730,2
731,19
732,7
733,27
734,18
735,32
736,18
737,24
738,1
739,32
740,32
741,15
742,3
743,34
744,4
745,1
746,32
747,0
748,5
749,32
750,12
751,16
752,13
753,5
754,22
755,6
756,23
757,0
758,19
759,17
760,1
761,3
762,3
763,15
764,14
765,34
766,20
767,27
768,16
769,36
770,19
771,5
772,30
773,24
774,25
775,10
776,16
777,22
778,5
779,22
780,32
781,30
782,8
783,11
784,9
785,6
786,13
787,16
788,1
789,26
790,13
791,7
792,15
793,12
794,4
795,26
796,0
797,24
798,32
799,31
800,14
801,18
802,25
803,8
804,7
805,26
806,22
807,20
808,9
809,16
810,20
811,22
812,35
813,21
814,24
815,4
816,6
817,32
818,31
819,19
820,4
821,1
822,27
823,27
824,0
825,0
826,3
827,16
828,6
829,26
830,7
831,10
832,12
833,34
834,10
835,25
836,9
837,16
838,27
839,21
840,30
841,23
842,12
843,8
844,3
845,6
846,19
847,34
848,29
849,18
850,18
851,23
852,30
853,18
854,0
855,7
856,8
857,33
858,20
859,0
860,21
861,5
862,24
863,29
864,12
865,21
866,21
867,10
868,14
869,1
870,11
871,10
872,22
873,36
874,33
875,4
876,30
877,20
878,10
879,6
880,15
881,30
882,9
883,25
884,13
885,17
886,3
887,24
888,28
889,23
890,4
891,5
892,3
893,9
894,36
895,14
896,31
897,17
898,12
899,24
900,25
901,31
902,34
903,0
904,12
905,19
906,24
907,32
908,11
909,35
910,10
911,30
912,14
913,0
914,6
915,27
916,0
917,21
918,34
919,23
920,28
921,15
922,36
923,36
924,34
925,18
926,36
927,12
928,5
929,25
930,26
931,17
932,1
933,2
934,19
935,27
936,28
937,16
938,1
939,1
940,5
941,16
942,15
943,31
944,17
945,16
946,1
947,22
948,34
949,5
950,29
951,0
952,25
953,2
954,9
955,3
956,31
957,35
958,27
959,22
960,24
961,12
962,35
963,29
964,34
965,26
966,18
967,14
968,16
969,33
970,17
971,25
972,10
973,35
974,2
975,27
976,5
977,9
978,16
979,18
980,18
981,25
982,14
983,23
984,19
985,23
986,9
987,29
988,6
989,7
990,34
991,16
992,12
993,4
994,35
995,10
996,27
997,23
998,25
999,20
1000,23
1001,3
1002,36
1003,17
1004,26
1005,17
1006,34
1007,31
1008,28
1009,26
1010,23
1011,36
1012,1
1013,7
1014,35
1015,21
1016,10
1017,18
1018,9
1019,25
1020,29
1021,8
1022,29
1023,14
1024,23
1025,21
1026,9
1027,1
1028,21
1029,24
1030,32
1031,34
1032,12
1033,12
1034,15
1035,23
1036,15
1037,16
1038,18
1039,24
1040,2
1041,18
1042,15
1043,27
1044,27
1045,12
1046,20
1047,29
1048,4
1049,24
1050,7
1051,6
1052,3
1053,23
1054,1
1055,25
1056,31
1057,11
1058,2
1059,1
1060,1
1061,17
1062,26
1063,25
1064,35
1065,23
1066,13
1067,24
1068,14
1069,4
1070,2
1071,11
1072,33
1073,0
1074,33
1075,30
1076,25
1077,0
1078,13
1079,21
1080,7
1081,28
1082,17
1083,5
1084,6
1085,10
1086,23
1087,28
1088,25
1089,16
1090,23
1091,25
1092,36
1093,22
1094,30
1095,33
1096,33
1097,27
1098,7
1099,35
1100,36
1101,32
1102,10
1103,9
1104,19
1105,25
1106,29
1107,5
1108,36
1109,28
1110,26
1111,11
1112,9
1113,9
1114,22
1115,19
1116,20
1117,28
1118,4
1119,3
1120,29
1121,33
1122,23
1123,17
1124,14
1125,27
1126,9
1127,15
1128,32
1129,13
1130,35
1131,8
1132,0
1133,3
1134,29
1135,7
1136,5
1137,4
1138,36
1139,0
1140,18
1141,3
1142,1
1143,34
1144,29
1145,16
1146,20
1147,9
1148,1
1149,25
1150,23
1151,35
1152,14
1153,29
1154,1
1155,9
1156,11
1157,14
1158,22
1159,5
1160,23
1161,35
1162,29
1163,16
1164,20
1165,16
1166,35
1167,33
1168,28
1169,24
1170,3
1171,22
1172,36
1173,5
1174,9
1175,17
1176,3
1177,25
1178,7
1179,31
1180,25
1181,23
1182,5
1183,12
1184,34
1185,8
1186,24
1187,35
1188,7
1189,27
1190,7
1191,21
1192,21
1193,26
1194,1
1195,2
1196,10
1197,33
1198,13
1199,22
1200,1
1201,4
1202,31
1203,32
1204,21
1205,0
1206,29
1207,9
1208,30
1209,35
1210,31
1211,30
1212,6
1213,34
1214,31
1215,7
1216,15
1217,7
1218,12
1219,9
1220,16
1221,19
1222,28
1223,18
1224,21
1225,20
1226,27
1227,1
1228,9
1229,0
1230,19
1231,4
1232,29
1233,20
1234,11
1235,23
1236,27
1237,26
1238,25
1239,4
1240,0
1241,5
1242,18
1243,25
1244,12
1245,24
1246,5
1247,17
1248,31
1249,27
1250,29
1251,28
1252,25
1253,0
1254,10
1255,27
1256,8
1257,31
1258,17
1259,35
1260,25
1261,19
1262,14
1263,10
1264,1
1265,34
1266,29
1267,3
1268,28
1269,31
1270,4
1271,8
1272,26
1273,33
1274,29
1275,34
1276,33
1277,5
1278,32
1279,1
1280,18
1281,30
1282,34
1283,11
1284,28
1285,4
1286,14
1287,3
1288,30
1289,24
1290,0
1291,7
1292,33
1293,29
1294,31
1295,14
1296,12
1297,16
1298,15
1299,18
1300,1
1301,9
1302,4
1303,10
1304,7
1305,32
1306,2
1307,4
1308,5
1309,23
1310,14
1311,0
1312,21
1313,16
1314,29
1315,13
1316,25
1317,5
1318,11
1319,27
1320,0
1321,34
1322,6
1323,12
1324,20
1325,8
1326,22
1327,23
1328,14
1329,5
1330,10
1331,9
1332,5
1333,17
1334,21
1335,36
1336,9
1337,15
1338,34
1339,12
1340,5
1341,18
1342,27
1343,9
1344,14
1345,16
1346,19
1347,5
1348,11
1349,12
1350,15
1351,31
1352,17
1353,34
1354,6
1355,3
1356,1
1357,11
1358,4
1359,34
1360,12
1361,22
1362,23
1363,3
1364,7
1365,33
1366,28
1367,5
1368,36
1369,31
1370,15
1371,3
1372,27
1373,1
1374,19
1375,20
1376,35
1377,29
1378,9
1379,22
1380,22
1381,35
1382,9
1383,0
1384,25
1385,27
1386,7
1387,16
1388,31
1389,10
1390,24
1391,22
1392,26
1393,0
1394,12
1395,5
1396,20
1397,15
1398,35
1399,35
1400,13
1401,24
1402,21
1403,6
1404,10
1405,11
1406,13
1407,18
1408,6
1409,23
1410,10
1411,1
1412,36
1413,24
1414,34
1415,34
1416,3
1417,8
1418,25
1419,19
1420,12
1421,10
1422,17
1423,15
1424,24
1425,0
1426,5
1427,25
1428,35
1429,8
1430,22
1431,36
1432,26
1433,35
1434,2
1435,7
1436,17
1437,12
1438,35
1439,25
1440,35
1441,30
1442,21
1443,27
1444,34
1445,24
1446,17
1447,0
1448,33
1449,28
1450,36
1451,22
1452,36
1453,19
1454,12
1455,33
1456,0
1457,7
1458,26
1459,19
1460,23
1461,29
1462,23
1463,2
1464,29
1465,36
1466,33
1467,1
1468,33
1469,16
1470,12
1471,22
1472,33
1473,8
1474,4
1475,30
1476,34
1477,3
1478,24
1479,28
1480,24
1481,15
1482,10
1483,26
1484,15
1485,27
1486,15
1487,28
1488,11
1489,10
1490,7
1491,6
1492,34
1493,8
1494,17
1495,36
1496,5
1497,18
1498,22
1499,20
1500,27
1501,15
1502,29
1503,10
1504,19
1505,32
1506,17
1507,21
1508,7
1509,3
1510,31
1511,17
1512,34
1513,27
1514,16
1515,25
1516,27
1517,25
1518,28
1519,22
1520,32
1521,15
1522,11
1523,12
1524,35
1525,36
1526,21
1527,32
1528,7
1529,6
1530,26
1531,15
1532,30
1533,21
1534,14
1535,23
1536,19
1537,36
1538,15
1539,32
1540,23
1541,16
1542,35
1543,26
1544,25
1545,35
1546,21
1547,21
1548,32
1549,26
1550,7
1551,26
1552,35
1553,23
1554,35
1555,3
1556,2
1557,35
1558,13
1559,35
1560,14
1561,18
1562,7
1563,33
1564,35
1565,6
1566,22
1567,1
1568,18
1569,35
1570,8
1571,2
1572,20
1573,20
1574,5
1575,27
1576,33
1577,11
1578,14
1579,27
1580,32
1581,13
1582,8
1583,5
1584,17
1585,36
1586,6
1587,20
1588,36
1589,23
1590,5
1591,9
1592,7
1593,32
1594,12
1595,1
1596,21
1597,15
1598,31
1599,31
1600,26
1601,11
1602,7
1603,5
1604,27
1605,31
1606,17
1607,19
1608,22
1609,3
1610,21
1611,24
1612,31
1613,0
1614,22
1615,30
1616,5
1617,36
1618,19
1619,12
1620,26
1621,34
1622,9
1623,12
1624,27
1625,19
1626,17
1627,16
1628,4
1629,20
1630,4
1631,15
1632,28
1633,3
1634,35
1635,35
1636,17
1637,28
1638,15
1639,10
1640,5
1641,12
1642,35
1643,16
1644,15
1645,27
1646,8
1647,7
1648,21
1649,12
1650,31
1651,12
1652,27
1653,27
1654,25
1655,18
1656,34
1657,4
1658,7
1659,10
1660,30
1661,27
1662,22
1663,20
1664,36
1665,6
1666,11
1667,27
1668,12
1669,2
1670,24
1671,14
1672,0
1673,14
1674,13
1675,0
1676,2
1677,1
1678,12
1679,27
1680,4
1681,6
1682,32
1683,33
1684,1
1685,36
1686,16
1687,28
1688,2
1689,27
1690,3
1691,31
1692,35
1693,13
1694,10
1695,29
1696,36
1697,5
1698,2
1699,3
1700,33
1701,29
1702,27
1703,20
1704,22
1705,22
1706,4
1707,28
1708,14
1709,23
1710,35
1711,0
1712,35
1713,19
1714,12
1715,19
1716,32
1717,12
1718,0
1719,17
1720,28
1721,5
1722,32
1723,12
1724,35
1725,0
1726,13
1727,22
1728,6
1729,10
1730,17
1731,33
1732,30
1733,19
1734,7
1735,6
1736,34
1737,26
1738,33
1739,8
1740,13
1741,18
1742,35
1743,32
1744,29
1745,12
1746,24
1747,15
1748,6
1749,19
1750,5
1751,32
1752,20
1753,12
1754,32
1755,4
1756,26
1757,12
1758,19
1759,14
1760,15
1761,33
1762,7
1763,22
1764,21
1765,33
1766,14
1767,14
1768,9
1769,31
1770,20
1771,0
1772,20
1773,12
1774,16
1775,30
1776,36
1777,34
1778,30
1779,7
1780,22
1781,31
1782,36
1783,12
1784,19
1785,36
1786,7
1787,7
1788,3
1789,3
1790,30
1791,6
1792,13
1793,8
1794,29
1795,15
1796,15
1797,28
1798,33
1799,5
1800,33
1801,34
1802,10
1803,14
1804,31
1805,12
1806,17
1807,13
1808,26
1809,12
1810,6
1811,9
1812,4
1813,31
1814,1
1815,18
1816,1
1817,1
1818,20
1819,29
1820,12
1821,13
1822,25
1823,35
1824,16
1825,28
1826,18
1827,21
1828,13
1829,22
1830,26
1831,26
1832,35
1833,10
1834,0
1835,19
1836,3
1837,23
1838,5
1839,35
1840,32
1841,4
1842,3
1843,29
1844,36
1845,7
1846,20
1847,25
1848,4
1849,21
1850,26
1851,22
1852,24
1853,2
1854,28
1855,7
1856,0
1857,23
1858,28
1859,3
1860,5
1861,6
1862,23
1863,17
1864,36
1865,15
1866,3
1867,13
1868,23
1869,23
1870,26
1871,24
1872,10
1873,32
1874,1
1875,28
1876,18
1877,19
1878,29
1879,14
1880,14
1881,8
1882,27
1883,13
1884,31
1885,15
1886,34
1887,15
1888,11
1889,31
1890,6
1891,7
1892,12
1893,22
1894,7
1895,33
1896,36
1897,9
1898,12
1899,34
1900,24
1901,31
1902,5
1903,1
1904,15
1905,28
1906,8
1907,20
1908,22
1909,23
1910,28
1911,17
1912,4
1913,11
1914,9
1915,23
1916,28
1917,35
1918,29
1919,10
1920,32
1921,15
1922,33
1923,18
1924,34
1925,29
1926,1
1927,29
1928,14
1929,23
1930,17
1931,24
1932,0
1933,25
1934,14
1935,4
1936,18
1937,4
1938,0
1939,3
1940,23
1941,32
1942,34
1943,34
1944,27
1945,21
1946,23
1947,17
1948,14
1949,26
1950,12
1951,9
1952,14
1953,9
1954,24
1955,10
1956,23
1957,10
1958,18
1959,10
1960,26
1961,25
1962,26
1963,35
1964,16
1965,2
1966,4
1967,2
1968,6
1969,18
1970,3
1971,2
1972,32
1973,12
1974,34
1975,12
1976,14
1977,31
1978,16
1979,25
1980,13
1981,1
1982,23
1983,35
1984,24
1985,30
1986,3
1987,4
1988,23
1989,21
1990,19
1991,11
1992,17
1993,1
1994,7
1995,32
1996,35
1997,30
1998,25
1999,8
2000,32
2001,5
2002,35
2003,16
2004,19
2005,7
2006,30
2007,18
2008,23
2009,2
2010,3
2011,21
2012,14
2013,36
2014,14
2015,12
2016,3
2017,15
2018,23
2019,6
2020,23
2021,35
2022,8
2023,28
2024,22
2025,10
2026,12
2027,26
2028,24
2029,26
2030,20
2031,29
2032,24
2033,21
2034,27
2035,14
2036,1
2037,13
2038,19
2039,12
2040,29
2041,0
2042,35
2043,16
2044,17
2045,32
2046,22
2047,6
2048,31
2049,36
2050,4
2051,33
2052,25
2053,11
2054,10
2055,25
2056,8
2057,33
2058,33
2059,34
2060,34
2061,34
2062,29
2063,26
2064,23
2065,27
2066,26
2067,15
2068,1
2069,31
2070,18
2071,26
2072,29
2073,8
2074,5
2075,36
2076,14
2077,26
2078,23
2079,1
2080,16
2081,8
2082,23
2083,1
2084,10
2085,26
2086,14
2087,8
2088,28
2089,20
2090,19
2091,21
2092,17
2093,1
2094,36
2095,9
2096,18
2097,30
2098,25
2099,8
2100,5
2101,6
2102,1
2103,23
2104,20
2105,5
2106,21
2107,20
2108,34
2109,29
2110,32
2111,30
2112,26
2113,3
2114,9
2115,33
2116,5
2117,6
2118,28
2119,33
2120,30
2121,31
2122,14
2123,18
2124,32
2125,10
2126,10
2127,31
2128,36
2129,22
2130,4
2131,11
2132,14
2133,35
2134,19
2135,30
2136,29
2137,36
2138,32
2139,7
2140,26
2141,24
2142,8
2143,14
2144,24
2145,1
2146,21
2147,12
2148,20
2149,5
2150,36
2151,23
2152,31
2153,17
2154,16
2155,21
2156,19
2157,22
2158,34
2159,2
2160,8
2161,23
2162,0
2163,14
2164,5
2165,3
2166,27
2167,12
2168,36
2169,21
2170,32
2171,18
2172,7
2173,25
2174,17
2175,23
2176,34
2177,24
2178,3
2179,36
2180,32
2181,17
2182,23
2183,1
2184,30
2185,6
2186,19
2187,28
2188,5
2189,1
2190,36
2191,7
2192,3
2193,36
2194,23
2195,27
2196,18
2197,22
2198,15
2199,35
2200,30
2201,4
2202,35
2203,28
2204,27
2205,11
2206,12
2207,5
2208,7
2209,34
2210,32
2211,20
2212,1
2213,10
2214,18
2215,24
2216,28
2217,26
2218,23
2219,26
2220,34
2221,23
2222,30
2223,26
2224,26
2225,1
2226,9
2227,18
2228,23
2229,35
2230,20
2231,4
2232,35
2233,30
2234,12
2235,2
2236,17
2237,26
2238,35
2239,12
2240,10
2241,20
2242,36
2243,13
2244,21
2245,26
2246,33
2247,33
2248,20
2249,29
2250,25
2251,24
2252,14
2253,33
2254,28
2255,8
2256,35
2257,24
2258,1
2259,33
2260,11
2261,13
2262,26
2263,29
2264,20
2265,0
2266,24
2267,35
2268,18
2269,0
2270,5
2271,22
2272,3
2273,11
2274,14
2275,9
2276,9
2277,16
2278,6
2279,1
2280,20
2281,10
2282,17
2283,23
2284,26
2285,30
2286,22
2287,4
2288,25
2289,7
2290,19
2291,36
2292,25
2293,14
2294,12
2295,25
2296,11
2297,27
2298,17
2299,34
2300,17
2301,22
2302,20
2303,34
2304,9
2305,36
2306,12
2307,26
2308,29
2309,15
2310,4
2311,31
2312,29
2313,12
2314,6
2315,26
2316,28
2317,7
2318,32
2319,24
2320,29
2321,29
2322,20
2323,24
2324,6
2325,23
2326,14
2327,27
2328,2
2329,23
2330,24
2331,4
2332,9
2333,26
2334,1
2335,6
2336,0
2337,4
2338,15
2339,1
2340,32
2341,7
2342,0
2343,21
2344,19
2345,21
2346,18
2347,4
2348,0
2349,21
2350,35
2351,1
2352,33
2353,35
2354,25
2355,12
2356,32
2357,28
2358,11
2359,13
2360,17
2361,20
2362,1
2363,28
2364,33
2365,24
2366,14
2367,15
2368,14
2369,35
2370,12
2371,23
2372,36
2373,14
2374,35
2375,32
2376,9
2377,36
2378,16
2379,27
2380,32
2381,3
2382,33
2383,24
2384,15
2385,11
2386,23
2387,9
2388,20
2389,17
2390,29
2391,25
2392,11
2393,22
2394,19
2395,2
2396,1
2397,17
2398,20
2399,23
2400,24
2401,17
2402,18
2403,7
2404,30
2405,10
2406,36
2407,7
2408,25
2409,3
2410,26
2411,34
2412,24
2413,11
2414,23
2415,9
2416,0
2417,25
2418,33
2419,24
2420,17
2421,26
2422,25
2423,17
2424,27
2425,33
2426,31
2427,6
2428,7
2429,9
2430,34
2431,31
2432,18
2433,3
2434,16
2435,30
2436,20
2437,18
2438,11
2439,34
2440,32
2441,30
2442,9
2443,36
2444,9
2445,10
2446,24
2447,28
2448,22
2449,10
2450,22
2451,31
2452,26
2453,11
2454,21
2455,9
2456,36
2457,21
2458,9
2459,12
2460,9
2461,8
2462,30
2463,19
2464,1
2465,30
2466,4
2467,19
2468,3
2469,14
2470,30
2471,31
2472,22
2473,10
2474,32
2475,6
2476,8
2477,28
2478,1
2479,30
2480,17
2481,0
2482,35
2483,32
2484,6
2485,6
2486,33
2487,17
2488,36
2489,21
2490,26
2491,4
2492,17
2493,34
2494,29
2495,5
2496,17
2497,19
2498,7
2499,26
2500,28
2501,12
2502,36
2503,3
2504,29
2505,10
2506,23
2507,19
2508,11
2509,17
2510,13
2511,8
2512,10
2513,28
2514,33
2515,14
2516,25
2517,32
2518,10
2519,30
2520,34
2521,2
2522,35
2523,24
2524,35
2525,2
2526,36
2527,10
2528,10
2529,36
2530,35
2531,25
2532,3
2533,30
2534,6
2535,2
2536,1
2537,3
2538,35
2539,4
2540,21
2541,34
2542,8
2543,1
2544,35
2545,0
2546,7
2547,10
2548,35
2549,4
2550,30
2551,1
2552,10
2553,2
2554,35
2555,31
2556,33
2557,1
2558,19
2559,8
2560,18
2561,33
2562,4
2563,0
2564,19
2565,25
2566,19
2567,15
2568,23
2569,23
2570,22
2571,3
2572,16
2573,31
2574,7
2575,1
2576,0
2577,1
2578,12
2579,16
2580,22
2581,18
2582,29
2583,30
2584,36
2585,0
2586,7
2587,24
2588,13
2589,12
2590,9
2591,15
2592,18
2593,33
2594,18
2595,0
2596,23
2597,12
2598,8
2599,24
2600,33
2601,29
2602,12
2603,22
2604,30
2605,24
2606,3
2607,21
2608,26
2609,4
2610,36
2611,12
2612,30
2613,32
2614,25
2615,19
2616,7
2617,31
2618,21
2619,5
2620,28
2621,10
2622,8
2623,6
2624,36
2625,7
2626,8
2627,5
2628,12
2629,36
2630,27
2631,0
2632,2
2633,22
2634,18
2635,12
2636,24
2637,9
2638,19
2639,17
2640,0
2641,27
2642,28
2643,3
2644,19
2645,17
2646,33
2647,6
2648,27
2649,36
2650,35
2651,7
2652,30
2653,24
2654,24
2655,25
2656,16
2657,25
2658,5
2659,35
2660,2
2661,25
2662,22
2663,32
2664,24
2665,32
2666,31
2667,5
2668,16
2669,34
2670,4
2671,8
2672,7
2673,34
2674,20
2675,3
2676,33
2677,9
2678,34
2679,33
2680,17
2681,3
2682,23
2683,15
2684,25
2685,25
2686,23
2687,1
2688,35
2689,17
2690,31
2691,29
2692,18
2693,24
2694,4
2695,7
2696,24
2697,4
2698,15
2699,10
2700,34
2701,12
2702,27
2703,27
2704,2
2705,6
2706,19
2707,27
2708,8
2709,9
2710,31
2711,29
2712,0
2713,5
2714,13
2715,32
2716,36
2717,29
2718,3
2719,12
2720,18
2721,6
2722,21
2723,23
2724,20
2725,1
2726,16
2727,3
2728,7
2729,17
2730,36
2731,25
2732,3
2733,13
2734,5
2735,26
2736,14
2737,8
2738,0
2739,27
2740,1
2741,9
2742,5
2743,30
2744,28
2745,14
2746,16
2747,11
2748,4
2749,21
2750,26
2751,5
2752,6
2753,16
2754,14
2755,0
2756,0
2757,23
2758,23
2759,34
2760,35
2761,29
2762,36
2763,18
2764,24
2765,14
2766,3
2767,6
2768,20
2769,16
2770,20
2771,34
2772,31
2773,26
2774,12
2775,24
2776,12
2777,30
2778,32
2779,26
2780,34
2781,34
2782,25
2783,19
2784,25
2785,11
2786,18
2787,11
2788,9
2789,10
2790,14
2791,25
2792,11
2793,33
2794,29
2795,32
2796,28
2797,12
2798,8
2799,19
2800,8
2801,36
2802,10
2803,16
2804,28
2805,13
2806,31
2807,34
2808,30
2809,20
2810,2
2811,21
2812,29
2813,14
2814,21
2815,11
2816,11
2817,10
2818,9
2819,24
2820,23
2821,23
2822,2
2823,20
2824,0
2825,25
2826,32
2827,17
2828,26
2829,16
2830,33
2831,0
2832,18
2833,32
2834,16
2835,16
2836,30
2837,3
2838,34
2839,33
2840,9
2841,22
2842,20
2843,5
2844,6
2845,16
2846,24
2847,31
2848,7
2849,29
2850,23
2851,27
2852,28
2853,25
2854,22
2855,18
2856,13
2857,17
2858,11
2859,34
2860,12
2861,17
2862,32
2863,13
2864,20
2865,23
2866,11
2867,32
2868,27
2869,25
2870,31
2871,18
2872,29
2873,33
2874,18
2875,14
2876,6
2877,30
2878,12
2879,18
2880,9
2881,11
2882,23
2883,20
2884,3
2885,9
2886,31
2887,0
2888,23
2889,20
2890,34
2891,18
2892,3
2893,28
2894,10
2895,35
2896,29
2897,22
2898,9
2899,10
2900,8
2901,0
2902,22
2903,26
2904,18
2905,2
2906,29
2907,9
2908,36
2909,11
2910,1
2911,12
2912,22
2913,11
2914,29
2915,25
2916,0
2917,23
2918,6
2919,13
2920,17
2921,16
2922,30
2923,16
2924,35
2925,14
2926,18
2927,0
2928,17
2929,34
2930,1
2931,13
2932,29
2933,35
2934,12
2935,17
2936,17
2937,21
2938,1
2939,30
2940,9
2941,24
2942,13
2943,4
2944,7
2945,28
2946,23
2947,27
2948,10
2949,20
2950,25
2951,13
2952,33
2953,22
2954,6
2955,21
2956,20
2957,27
2958,20
2959,35
2960,25
2961,1
2962,20
2963,22
2964,24
2965,33
2966,24
2967,4
2968,14
2969,25
2970,32
2971,31
2972,17
2973,27
2974,23
2975,3
2976,32
2977,14
2978,10
2979,17
2980,11
2981,27
2982,9
2983,13
2984,18
2985,30
2986,24
2987,18
2988,12
2989,35
2990,27
2991,31
2992,10
2993,32
2994,8
2995,8
2996,8
2997,6
2998,13
2999,22
3000,21
3001,11
3002,17
3003,17
3004,35
3005,36
3006,0
3007,26
3008,7
3009,9
3010,2
3011,30
3012,17
3013,33
3014,24
3015,8
3016,9
3017,0
3018,14
3019,17
3020,36
3021,0
3022,32
3023,10
3024,29
3025,34
3026,0
3027,9
3028,0
3029,36
3030,7
3031,14
3032,16
3033,8
3034,13
3035,33
3036,15
3037,20
3038,10
3039,16
3040,28
3041,21
3042,10
3043,22
3044,27
3045,10
3046,35
3047,28
3048,16
3049,19
3050,36
3051,4
3052,23
3053,23
3054,9
3055,27
3056,7
3057,6
3058,14
3059,28
3060,0
3061,24
3062,8
3063,31
3064,0
3065,29
3066,1
3067,26
3068,15
3069,25
3070,10
3071,2
3072,25
3073,24
3074,6
3075,25
3076,20
3077,30
3078,14
3079,34
3080,21
3081,1
3082,33
3083,18
3084,12
3085,34
3086,19
3087,7
3088,11
3089,27
3090,10
3091,24
3092,4
3093,3
3094,29
3095,7
3096,12
3097,8
3098,34
3099,34
3100,23
3101,25
3102,8
3103,10
3104,31
3105,29
3106,24
3107,29
3108,6
3109,21
3110,21
3111,1
3112,10
3113,17
3114,3
3115,34
3116,25
3117,14
3118,3
3119,36
3120,25
3121,10
3122,14
3123,22
3124,32
3125,30
3126,33
3127,1
3128,32
3129,4
3130,17
3131,1
3132,6
3133,13
3134,35
3135,1
3136,24
3137,7
3138,6
3139,18
3140,2
3141,26
3142,26
3143,9
3144,25
3145,6
3146,30
3147,2
3148,30
3149,14
3150,3
3151,7
3152,11
3153,12
3154,16
3155,11
3156,4
3157,17
3158,15
3159,6
3160,36
3161,9
3162,2
3163,15
3164,12
3165,27
3166,21
3167,22
3168,4
3169,32
3170,9
3171,4
3172,11
3173,7
3174,35
3175,10
3176,36
3177,29
3178,30
3179,22
3180,24
3181,4
3182,33
3183,20
3184,11
3185,18
3186,14
3187,5
3188,27
3189,16
3190,33
3191,13
3192,27
3193,21
3194,9
3195,35
3196,15
3197,11
3198,20
3199,6
3200,33
3201,12
3202,18
3203,27
3204,20
3205,1
3206,23
3207,16
3208,21
3209,2
3210,30
3211,3
3212,28
3213,36
3214,5
3215,8
3216,27
3217,28
3218,9
3219,29
3220,35
3221,34
3222,6
3223,15
3224,27
3225,0
3226,30
3227,10
3228,27
3229,6
3230,22
3231,6
3232,20
3233,9
3234,30
3235,4
3236,36
3237,6
3238,9
3239,16
3240,15
3241,3
3242,31
3243,11
3244,34
3245,36
3246,11
3247,33
3248,0
3249,27
3250,12
3251,24
3252,29
3253,7
3254,30
3255,16
3256,36
3257,29
3258,19
3259,3
3260,24
3261,4
3262,34
3263,13
3264,5
3265,0
3266,13
3267,27
3268,16
3269,11
3270,35
3271,22
3272,35
3273,36
3274,29
3275,22
3276,22
3277,36
3278,8
3279,20
3280,22
3281,1
3282,33
3283,20
3284,31
3285,21
3286,24
3287,7
3288,32
3289,34
3290,1
3291,33
3292,23
3293,20
3294,29
3295,2
3296,32
3297,6
3298,11
3299,5
3300,27
3301,11
3302,24
3303,23
3304,28
3305,18
3306,12
3307,4
3308,13
3309,13
3310,30
3311,19
3312,35
3313,24
3314,12
3315,32
3316,17
3317,25
3318,15
3319,33
3320,24
3321,31
3322,4
3323,31
3324,32
3325,29
3326,29
3327,32
3328,15
3329,0
3330,24
3331,24
3332,23
3333,15
3334,2
3335,26
3336,32
3337,2
3338,8
3339,0
3340,19
3341,35
3342,5
3343,9
3344,3
3345,8
3346,3
3347,16
3348,5
3349,32
3350,13
3351,10
3352,28
3353,26
3354,5
3355,28
3356,20
3357,33
3358,9
3359,9
3360,36
3361,9
3362,32
3363,11
3364,15
3365,29
3366,0
3367,30
3368,7
3369,13
3370,35
3371,6
3372,11
3373,32
3374,15
3375,21
3376,32
3377,0
3378,26
3379,5
3380,3
3381,27
3382,11
3383,22
3384,33
3385,13
3386,23
3387,9
3388,36
3389,14
3390,9
3391,1
3392,13
3393,0
3394,35
3395,33
3396,8
3397,3
3398,9
3399,2
3400,16
3401,24
3402,29
3403,29
3404,23
3405,28
3406,14
3407,36
3408,25
3409,8
3410,4
3411,10
3412,33
3413,13
3414,34
3415,15
3416,26
3417,27
3418,17
3419,35
3420,25
3421,12
3422,36
3423,27
3424,30
3425,26
3426,21
3427,35
3428,23
3429,27
3430,18
3431,17
3432,11
3433,35
3434,17
3435,36
3436,19
3437,2
3438,21
3439,27
3440,11
3441,17
3442,36
3443,27
3444,32
3445,8
3446,35
3447,24
3448,3
3449,14
3450,6
3451,13
3452,22
3453,26
3454,5
3455,12
3456,28
3457,15
3458,13
3459,28
3460,31
3461,3
3462,20
3463,1
3464,29
3465,7
3466,28
3467,9
3468,18
3469,26
3470,2
3471,18
3472,29
3473,16
3474,11
3475,22
3476,33
3477,11
3478,34
3479,25
3480,6
3481,35
3482,4
3483,2
3484,21
3485,17
3486,30
3487,35
3488,7
3489,28
3490,16
3491,11
3492,34
3493,1
3494,2
3495,34
3496,33
3497,1
3498,7
3499,35
3500,14
3501,0
3502,11
3503,31
3504,26
3505,25
3506,10
3507,27
3508,34
3509,18
3510,10
3511,18
3512,5
3513,30
3514,31
3515,3
3516,3
3517,33
3518,36
3519,6
3520,34
3521,33
3522,30
3523,36
3524,24
3525,16
3526,2
3527,30
3528,5
3529,25
3530,17
3531,8
3532,25
3533,8
3534,1
3535,12
3536,18
3537,28
3538,1
3539,7
3540,3
3541,32
3542,5
3543,15
3544,31
3545,34
3546,21
3547,26
3548,25
3549,18
3550,12
3551,29
3552,10
3553,13
3554,23
3555,12
3556,19
3557,21
3558,35
3559,28
3560,15
3561,1
3562,34
3563,18
3564,27
3565,17
3566,32
3567,35
3568,2
3569,14
3570,24
3571,6
3572,18
3573,30
3574,17
3575,12
3576,10
3577,7
3578,5
3579,13
3580,28
3581,2
3582,24
3583,5
3584,0
3585,36
3586,11
3587,22
3588,36
3589,9
3590,6
3591,2
3592,24
3593,24
3594,8
3595,28
3596,5
3597,4
3598,2
3599,11
3600,29
3601,16
3602,7
3603,16
3604,33
3605,1
3606,26
3607,27
3608,21
3609,23
3610,15
3611,28
3612,8
3613,32
3614,10
3615,2
3616,8
3617,35
3618,6
3619,23
3620,8
3621,22
3622,25
3623,6
3624,33
3625,1
3626,12
3627,11
3628,14
3629,6
3630,10
3631,5
3632,19
3633,29
3634,17
3635,4
3636,2
3637,17
3638,10
3639,24
3640,34
3641,36
3642,28
3643,35
3644,1
3645,20
3646,16
3647,24
3648,24
3649,6
3650,4
3651,31
3652,0
3653,36
3654,8
3655,17
3656,26
3657,32
3658,25
3659,13
3660,34
3661,9
3662,31
3663,30
3664,12
3665,32
3666,31
3667,36
3668,29
3669,21
3670,29
3671,33
3672,7
3673,7
3674,5
3675,23
3676,23
3677,30
3678,11
3679,15
3680,1
3681,18
3682,24
3683,21
3684,21
3685,19
3686,20
3687,21
3688,11
3689,14
3690,15
3691,13
3692,5
3693,27
3694,27
3695,22
3696,25
3697,2
3698,14
3699,33
3700,34
3701,21
3702,10
3703,4
3704,26
3705,22
3706,21
3707,9
3708,6
3709,18
3710,25
3711,32
3712,15
3713,7
3714,21
3715,14
3716,14
3717,10
3718,16
3719,16
3720,31
3721,0
3722,5
3723,6
3724,34
3725,34
3726,6
3727,4
3728,29
3729,25
3730,3
3731,5
3732,25
3733,25
3734,2
3735,18
3736,2
3737,21
3738,13
3739,6
3740,25
3741,30
3742,12
3743,33
3744,5
3745,31
3746,2
3747,11
3748,5
3749,25
3750,14
3751,35
3752,19
3753,26
3754,26
3755,20
3756,8
3757,28
3758,10
3759,5
3760,22
3761,25
3762,33
3763,21
3764,30
3765,28
3766,14
3767,27
3768,33
3769,1
3770,29
3771,8
3772,13
3773,27
3774,35
3775,0
3776,16
3777,24
3778,35
3779,9
3780,36
3781,36
3782,29
3783,10
3784,28
3785,33
3786,32
3787,29
3788,5
3789,1
3790,34
3791,24
3792,21
3793,10
3794,0
3795,14
3796,19
3797,34
3798,29
3799,20
3800,12
3801,2
3802,17
3803,16
3804,7
3805,0
3806,21
3807,2
3808,14
3809,3
3810,35
3811,30
3812,26
3813,10
3814,3
3815,8
3816,9
3817,13
3818,13
3819,4
3820,17
3821,3
3822,21
3823,30
3824,4
3825,25
3826,15
3827,22
3828,22
3829,7
3830,15
3831,31
3832,10
3833,8
3834,31
3835,35
3836,14
3837,1
3838,8
3839,1
3840,19
3841,24
3842,0
3843,12
3844,24
3845,32
3846,8
3847,20
3848,20
3849,20
3850,32
3851,26
3852,35
3853,28
3854,3
3855,17
3856,23
3857,17
3858,29
3859,32
3860,32
3861,29
3862,30
3863,2
3864,31
3865,34
3866,24
3867,11
3868,6
3869,13
3870,9
3871,31
3872,35
3873,33
3874,34
3875,19
3876,22
3877,23
3878,12
3879,8
3880,6
3881,17
3882,23
3883,30
3884,22
3885,27
3886,8
3887,15
3888,12
3889,29
3890,19
3891,6
3892,18
3893,27
3894,35
3895,18
3896,32
3897,20
3898,5
3899,32
3900,23
3901,12
3902,19
3903,28
3904,32
3905,22
3906,21
3907,30
3908,28
3909,12
3910,0
3911,8
3912,35
3913,18
3914,1
3915,2
3916,14
3917,32
3918,1
3919,32
3920,9
3921,32
3922,33
3923,13
3924,25
3925,29
3926,12
3927,13
3928,18
3929,30
3930,13
3931,4
3932,13
3933,30
3934,27
3935,15
3936,12
3937,26
3938,30
3939,10
3940,20
3941,34
3942,15
3943,3
3944,27
3945,28
3946,18
3947,4
3948,20
3949,10
3950,17
3951,6
3952,28
3953,13
3954,4
3955,13
3956,1
3957,19
3958,18
3959,32
3960,26
3961,15
3962,21
3963,12
3964,8
3965,27
3966,14
3967,19
3968,24
3969,17
3970,24
3971,4
3972,30
3973,12
3974,29
3975,8
3976,24
3977,2
3978,2
3979,16
3980,36
3981,18
3982,14
3983,16
3984,3
3985,22
3986,22
3987,4
3988,26
3989,27
3990,9
3991,20
3992,20
3993,29
3994,12
3995,15
3996,20
3997,16
3998,18
3999,24
4000,23
4001,3
4002,26
4003,36
4004,30
4005,8
4006,15
4007,22
4008,23
4009,8
4010,7
4011,29
4012,23
4013,5
4014,1
4015,36
4016,33
4017,0
4018,16
4019,13
4020,7
4021,6
4022,8
4023,10
4024,7
4025,34
4026,30
4027,21
4028,3
4029,27
4030,11
4031,32
4032,19
4033,20
4034,8
4035,31
4036,33
4037,13
4038,25
4039,8
4040,14
4041,7
4042,4
4043,29
4044,0
4045,31
4046,1
4047,14
4048,22
4049,31
4050,22
4051,23
4052,30
4053,25
4054,25
4055,4
4056,23
4057,0
4058,5
4059,15
4060,6
4061,29
4062,30
4063,32
4064,13
4065,1
4066,33
4067,4
4068,10
4069,23
4070,8
4071,31
4072,25
4073,21
4074,8
4075,23
4076,30
4077,9
4078,23
4079,19
4080,31
4081,6
4082,36
4083,0
4084,13
4085,12
4086,3
4087,30
4088,23
4089,6
4090,7
4091,18
4092,20
4093,5
4094,17
4095,15
4096,11
4097,15
4098,20
4099,15
4100,13
4101,3
4102,26
4103,1
4104,16
4105,20
4106,9
4107,35
4108,19
4109,23
4110,1
4111,20
4112,35
4113,16
4114,16
4115,28
4116,1
4117,15
4118,5
4119,8
4120,16
4121,4
4122,24
4123,3
4124,33
4125,11
4126,25
4127,20
4128,31
4129,34
4130,17
4131,9
4132,34
4133,29
4134,33
4135,20
4136,25
4137,15
4138,10
4139,27
4140,23
4141,6
4142,6
4143,7
4144,27
4145,20
4146,36
4147,0
4148,24
4149,0
4150,21
4151,35
4152,31
4153,29
4154,4
4155,31
4156,3
4157,24
4158,4
4159,25
4160,11
4161,30
4162,3
4163,30
4164,2
4165,32
4166,23
4167,35
4168,20
4169,1
4170,22
4171,19
4172,13
4173,36
4174,33
4175,31
4176,10
4177,34
4178,12
4179,25
4180,19
4181,27
4182,10
4183,2
4184,14
4185,18
4186,8
4187,33
4188,28
4189,22
4190,1
4191,34
4192,29
4193,15
4194,13
4195,22
4196,6
4197,34
4198,14
4199,12
4200,8
4201,13
4202,5
4203,6
4204,32
4205,29
4206,11
4207,8
4208,11
4209,16
4210,3
4211,11
4212,24
4213,28
4214,23
4215,18
4216,5
4217,14
4218,25
4219,19
4220,0
4221,10
4222,31
4223,19
4224,30
4225,31
4226,6
4227,3
4228,16
4229,3
4230,7
4231,25
4232,33
4233,4
4234,3
4235,22
4236,5
4237,6
4238,21
4239,28
4240,36
4241,32
4242,24
4243,26
4244,24
4245,9
4246,25
4247,10
4248,23
4249,19
4250,25
4251,9
4252,28
4253,24
4254,35
4255,18
4256,9
4257,15
4258,7
4259,8
4260,33
4261,27
4262,13
4263,9
4264,4
4265,27
4266,9
4267,21
4268,4
4269,22
4270,11
4271,32
4272,5
4273,1
4274,31
4275,23
4276,3
4277,34
4278,36
4279,22
4280,0
4281,34
4282,6
4283,33
4284,21
4285,25
4286,10
4287,10
4288,10
4289,18
4290,32
4291,18
4292,26
4293,29
4294,3
4295,15
4296,29
4297,36
4298,26
4299,28
4300,12
4301,6
4302,13
4303,12
4304,10
4305,19
4306,19
4307,7
4308,10
4309,15
4310,4
4311,29
4312,11
4313,22
4314,1
4315,33
4316,3
4317,27
4318,17
4319,25
4320,29
4321,27
4322,20
4323,8
4324,31
4325,9
4326,24
4327,20
4328,32
4329,30
4330,26
4331,35
4332,10
4333,11
4334,8
4335,32
4336,15
4337,21
4338,1
4339,12
4340,4
4341,11
4342,22
4343,6
4344,22
4345,18
4346,22
4347,31
4348,4
4349,17
4350,1
4351,14
4352,7
4353,30
4354,12
4355,19
4356,0
4357,4
4358,23
4359,36
4360,15
4361,15
4362,9
4363,5
4364,4
4365,24
4366,24
4367,35
4368,30
4369,1
4370,26
4371,13
4372,32
4373,32
4374,26
4375,24
4376,4
4377,22
4378,2
4379,33
4380,33
4381,21
4382,32
4383,32
4384,31
4385,3
4386,19
4387,27
4388,22
4389,0
4390,14
4391,12
4392,21
4393,0
4394,19
4395,3
4396,21
4397,24
4398,3
4399,22
4400,28
4401,7
4402,32
4403,21
4404,13
4405,35
4406,15
4407,6
4408,5
4409,35
4410,6
4411,3
4412,1
4413,11
4414,27
4415,0
4416,35
4417,6
4418,35
4419,23
4420,32
4421,32
4422,36
4423,12
4424,16
4425,24
4426,33
4427,1
4428,18
4429,17
4430,5
4431,36
4432,19
4433,6
4434,2
4435,28
4436,24
4437,20
4438,18
4439,15
4440,14
4441,15
4442,34
4443,35
4444,1
4445,26
4446,33
4447,8
4448,17
4449,2
4450,5
4451,3
4452,6
4453,36
4454,0
4455,28
4456,22
4457,33
4458,27
4459,28
4460,3
4461,13
4462,0
4463,17
4464,11
4465,33
4466,3
4467,25
4468,32
4469,22
4470,28
4471,22
4472,32
4473,1
4474,23
4475,3
4476,29
4477,7
4478,13
4479,23
4480,21
4481,35
4482,30
4483,16
4484,11
4485,24
4486,29
4487,36
4488,35
4489,8
4490,11
4491,10
4492,29
4493,23
4494,25
4495,10
4496,11
4497,24
4498,13
4499,18
4500,33
4501,12
4502,32
4503,11
4504,17
4505,10
4506,12
4507,9
4508,30
4509,35
4510,29
4511,9
4512,36
4513,16
4514,30
4515,9
4516,8
4517,7
4518,3
4519,34
4520,24
4521,20
4522,4
4523,1
4524,21
4525,28
4526,5
4527,36
4528,26
4529,35
4530,24
4531,9
4532,29
4533,1
4534,23
4535,23
4536,32
4537,20
4538,7
4539,0
4540,0
4541,12
4542,12
4543,25
4544,5
4545,5
4546,11
4547,27
4548,9
4549,0
4550,6
4551,24
4552,3
4553,25
4554,19
4555,4
4556,13
4557,25
4558,10
4559,15
4560,28
4561,24
4562,22
4563,10
4564,21
4565,11
4566,9
4567,33
4568,30
4569,33
4570,31
4571,5
4572,21
4573,12
4574,15
4575,6
4576,20
4577,19
4578,14
4579,27
4580,12
4581,1
4582,8
4583,15
4584,21
4585,28
4586,23
4587,19
4588,27
4589,22
4590,18
4591,2
4592,8
4593,11
4594,35
4595,7
4596,23
4597,29
4598,7
4599,15
4600,34
4601,10
4602,35
4603,29
4604,17
4605,36
4606,22
4607,24
4608,8
4609,13
4610,3
4611,31
4612,13
4613,31
4614,9
4615,31
4616,27
4617,15
4618,28
4619,18
4620,21
4621,18
4622,21
4623,5
4624,3
4625,10
4626,18
4627,17
4628,0
4629,33
4630,3
4631,1
4632,2
4633,15
4634,25
4635,29
4636,8
4637,14
4638,4
4639,19
4640,30
4641,25
4642,28
4643,34
4644,8
4645,12
4646,6
4647,28
4648,21
4649,30
4650,28
4651,2
4652,20
4653,10
4654,34
4655,10
4656,18
4657,26
4658,0
4659,34
4660,34
4661,11
4662,1
4663,12
4664,13
4665,24
4666,7
4667,17
4668,28
4669,14
4670,17
4671,26
4672,36
4673,0
4674,23
4675,36
4676,22
4677,23
4678,21
4679,24
4680,16
4681,35
4682,13
4683,22
4684,24
4685,12
4686,8
4687,23
4688,22
4689,34
4690,1
4691,13
4692,36
4693,16
4694,23
4695,14
4696,29
4697,30
4698,22
4699,28
4700,4
4701,15
4702,24
4703,8
4704,16
4705,33
4706,20
4707,9
4708,10
4709,5
4710,8
4711,2
4712,6
4713,14
4714,3
4715,2
4716,18
4717,22
4718,8
4719,29
4720,35
4721,16
4722,23
4723,17
4724,5
4725,31
4726,27
4727,35
4728,21
4729,15
4730,28
4731,28
4732,1
4733,25
4734,29
4735,33
4736,31
4737,28
4738,20
4739,29
4740,13
4741,13
4742,3
4743,27
4744,17
4745,24
4746,24
4747,4
4748,15
4749,26
4750,35
4751,2
4752,22
4753,27
4754,2
4755,18
4756,8
4757,24
4758,11
4759,16
4760,22
4761,18
4762,35
4763,25
4764,2
4765,8
4766,0
4767,28
4768,8
4769,36
4770,19
4771,7
4772,36
4773,15
4774,35
4775,16
4776,8
4777,5
4778,11
4779,0
4780,16
4781,1
4782,17
4783,36
4784,3
4785,36
4786,32
4787,27
4788,6
4789,2
4790,36
4791,18
4792,33
4793,26
4794,0
4795,29
4796,5
4797,12
4798,3
4799,17
4800,27
4801,26
4802,8
4803,1
4804,12
4805,15
4806,4
4807,2
4808,31
4809,21
4810,24
4811,34
4812,5
4813,4
4814,10
4815,25
4816,25
4817,31
4818,20
4819,22
4820,33
4821,4
4822,1
4823,20
4824,18
4825,4
4826,2
4827,0
4828,34
4829,32
4830,36
4831,36
4832,31
4833,19
4834,35
4835,30
4836,35
4837,32
4838,21
4839,11
4840,24
4841,7
4842,17
4843,10
4844,25
4845,2
4846,36
4847,28
4848,13
4849,35
4850,32
4851,16
4852,2
4853,15
4854,22
4855,24
4856,5
4857,17
4858,5
4859,33
4860,21
4861,20
4862,21
4863,25
4864,34
4865,33
4866,0
4867,5
4868,26
4869,15
4870,23
4871,19
4872,25
4873,6
4874,6
4875,23
4876,5
4877,15
4878,27
4879,0
4880,26
4881,17
4882,17
4883,10
4884,16
4885,20
4886,20
4887,22
4888,23
4889,8
4890,7
4891,14
4892,29
4893,2
4894,34
4895,12
4896,15
4897,13
4898,2
4899,0
4900,27
4901,13
4902,15
4903,36
4904,11
4905,23
4906,19
4907,34
4908,35
4909,30
4910,13
4911,13
4912,36
4913,15
4914,9
4915,7
4916,21
4917,11
4918,1
4919,6
4920,26
4921,23
4922,21
4923,24
4924,30
4925,14
4926,9
4927,11
4928,29
4929,32
4930,15
4931,13
4932,22
4933,28
4934,21
4935,21
4936,16
4937,32
4938,1
4939,8
4940,5
4941,3
4942,33
4943,23
4944,9
4945,26
4946,10
4947,11
4948,26
4949,17
4950,1
4951,25
4952,1
4953,10
4954,12
4955,31
4956,25
4957,14
4958,7
4959,0
4960,4
4961,3
4962,0
4963,10
4964,23
4965,13
4966,31
4967,30
4968,3
4969,2
4970,25
4971,8
4972,25
4973,8
4974,3
4975,36
4976,25
4977,20
4978,23
4979,28
4980,6
4981,30
4982,6
4983,29
4984,34
4985,34
4986,33
4987,25
4988,28
4989,3
4990,20
4991,34
4992,26
4993,14
4994,19
4995,27
4996,21
4997,31
4998,8
4999,12
5000,34
